Address,Bit Index,Type,ID,Type(2),Address(2),Bit(2)
0,0,DGK,91,,,
0,1,DGK,92,,,
0,2,DGK,97,,,
0,3,DGK,99,,,
0,4,DGK,100,,,
0,5,DGK,123,,,
0,6,DGK,140,,,
0,7,DGK,142,,,
1,0,DGK,143,,,
1,1,DGK,145,,,
1,2,DGK,147,SOFFK,1,3
1,3,SOFFK,147,DGK,1,2
1,4,DGK,149,SOFFK,1,5
1,5,SOFFK,149,DGK,1,4
1,6,DGK,150,SOFFK,1,7
1,7,SOFFK,150,DGK,1,6
2,0,DGK,152,SOFFK,2,1
2,1,SOFFK,152,DGK,2,0
2,2,DGK,154,SOFFK,2,3
2,3,SOFFK,154,DGK,2,2
2,4,DGK,156,SOFFK,2,5
2,5,SOFFK,156,DGK,2,4
2,6,DGK,158,SOFFK,2,7
2,7,SOFFK,158,DGK,2,6
3,0,DGK,160,SOFFK,3,1
3,1,SOFFK,160,DGK,3,0
3,2,DGK,161,SOFFK,3,3
3,3,SOFFK,161,DGK,3,2
3,4,DGK,162,SOFFK,3,5
3,5,SOFFK,162,DGK,3,4
3,6,DGK,163,SOFFK,3,7
3,7,SOFFK,163,DGK,3,6
4,0,DGK,164,SOFFK,4,1
4,1,SOFFK,164,DGK,4,0
4,2,DGK,175,SOFFK,4,3
4,3,SOFFK,175,DGK,4,2
4,4,DGK,177,SOFFK,4,5
4,5,SOFFK,177,DGK,4,4
4,6,DGK,179,SOFFK,4,7
4,7,SOFFK,179,DGK,4,6
5,0,DGK,181,SOFFK,5,1
5,1,SOFFK,181,DGK,5,0
5,2,,,,,
5,3,,,,,
5,4,SOFFK,647,,,
5,5,SOFFK,653,,,
5,6,SOFFK,655,,,
5,7,SOFFK,659,,,
6,0,SOFFK,678,,,
6,1,SOFFK,680,,,
6,2,,,,,
6,3,SOFFK,707,,,
6,4,SOFFK,709,,,
6,5,DGK,95,,,
6,6,DGK,96,,,
6,7,,,,,
7,0,,,,,
7,1,,,,,
7,2,,,,,
7,3,,,,,
7,4,,,,,
7,5,,,,,
7,6,,,,,
7,7,,,,,
8,0,,,,,
8,1,,,,,
8,2,,,,,
8,3,,,,,
8,4,,,,,
8,5,,,,,
8,6,,,,,
8,7,,,,,
9,0,,,,,
9,1,,,,,
9,2,,,,,
9,3,,,,,
9,4,,,,,
9,5,,,,,
9,6,,,,,
9,7,,,,,
10,0,,,,,
10,1,,,,,
10,2,,,,,
10,3,,,,,
10,4,,,,,
10,5,,,,,
10,6,,,,,
10,7,,,,,
11,0,,,,,
11,1,,,,,
11,2,,,,,
11,3,,,,,
11,4,,,,,
11,5,,,,,
11,6,,,,,
11,7,,,,,
12,0,,,,,
12,1,,,,,
12,2,NK,1042,,,
12,3,RK,1042,,,
12,4,NK,1043,,,
12,5,RK,1043,,,
12,6,NK,1044,,,
12,7,RK,1044,,,
13,0,NK,1047,,,
13,1,RK,1047,,,
13,2,NK,1050,,,
13,3,RK,1050,,,
13,4,NK,1051,,,
13,5,RK,1051,,,
13,6,NK,1052,,,
13,7,RK,1052,,,
14,0,NK,1053,,,
14,1,RK,1053,,,
14,2,,,,,
14,3,,,,,
14,4,NK,1056,,,
14,5,RK,1056,,,
14,6,NK,1058,,,
14,7,RK,1058,,,
15,0,NK,1059,,,
15,1,RK,1059,,,
15,2,NK,1060,,,
15,3,RK,1060,,,
15,4,NK,1065,,,
15,5,RK,1065,,,
15,6,NK,1066,,,
15,7,RK,1066,,,
16,0,NK,1068,,,
16,1,RK,1068,,,
16,2,NK,1069,,,
16,3,RK,1069,,,
16,4,NK,1077,,,
16,5,RK,1077,,,
16,6,NK,1079,,,
16,7,RK,1079,,,
17,0,,,,,
17,1,,,,,
17,2,T,5528,,,
17,3,T,5529,,,
17,4,T,5559,,,
17,5,T,5558,,,
17,6,T,5530,,,
17,7,T,5554,,,
18,0,T,5560,,,
18,1,,,,,
18,2,T,4916,,,
18,3,T,4924,,,
18,4,T,5011,,,
18,5,T,5012,,,
18,6,T,5013,,,
18,7,T,5021,,,
19,0,T,5022,,,
19,1,T,5023,,,
19,2,T,5111,,,
19,3,T,5112,,,
19,4,T,5121,,,
19,5,T,5122,,,
19,6,T,5211,,,
19,7,T,5212,,,
20,0,T,5213,,,
20,1,T,5214,,,
20,2,T,5221,,,
20,3,T,5222,,,
20,4,T,5223,,,
20,5,T,5311,,,
20,6,T,5312,,,
20,7,T,5313,,,
21,0,T,5314,,,
21,1,T,5321,,,
21,2,T,5322,,,
21,3,T,5323,,,
21,4,T,5401,,,
21,5,T,5411,,,
21,6,T,5412,,,
21,7,T,5421,,,
22,0,T,5452,,,
22,1,T,5462,,,
22,2,T,5501,,,
22,3,T,5502,,,
22,4,T,5503,,,
22,5,T,5504,,,
22,6,T,5505,,,
22,7,T,5506,,,
23,0,T,5507,,,
23,1,T,5508,,,
23,2,T,5509,,,
23,3,T,5511,,,
23,4,T,5512,,,
23,5,T,5513,,,
23,6,T,5514,,,
23,7,T,5515,,,
24,0,T,5522,,,
24,1,T,5523,,,
24,2,T,5524,,,
24,3,T,5525,,,
24,4,T,5531,,,
24,5,T,5532,,,
24,6,T,5542,,,
24,7,T,5543,,,
25,0,,,,,
25,1,T,5551,,,
25,2,T,5552,,,
25,3,T,5553,,,
25,4,T,5557,,,
25,5,T,5555,,,
25,6,T,5556,,,
25,7,T,5571,,,
26,0,T,5572,,,
26,1,T,5573,,,
26,2,T,5574,,,
26,3,T,5575,,,
26,4,T,5581,,,
26,5,T,5582,,,
26,6,T,5583,,,
26,7,T,5584,,,
27,0,T,5585,,,
27,1,,,,,
27,2,,,,,
27,3,B,91,,,
27,4,B,92,,,
27,5,B,97,,,
27,6,B,99,,,
27,7,B,100,,,
28,0,B,123,,,
28,1,B,140,,,
28,2,B,145,,,
28,3,B,147,,,
28,4,B,149,,,
28,5,B,150,,,
28,6,B,152,,,
28,7,B,154,,,
29,0,B,156,,,
29,1,B,158,,,
29,2,B,161,,,
29,3,B,162,,,
29,4,B,163,,,
29,5,B,164,,,
29,6,B,175,,,
29,7,B,177,,,
30,0,B,179,,,
30,1,B,647,,,
30,2,B,653,,,
30,3,B,655,,,
30,4,,,,,
30,5,B,659,,,
30,6,,,,,
30,7,,,,,
31,0,B,678,,,
31,1,B,680,,,
31,2,,,,,
31,3,,,,,
31,4,B,707,,,
31,5,B,709,,,
31,6,,,,,
31,7,,,,,
32,0,DGK,171,SOFFK,32,1
32,1,SOFFK,171,DGK,32,0
32,2,DGK,173,SOFFK,32,3
32,3,SOFFK,173,DGK,32,2
32,4,DGK,180,SOFFK,32,5
32,5,SOFFK,180,DGK,32,4
32,6,DGK,188,SOFFK,32,7
32,7,SOFFK,188,DGK,32,6
33,0,DGK,190,SOFFK,33,1
33,1,SOFFK,190,DGK,33,0
33,2,DGK,193,,,
33,3,DGK,195,,,
33,4,DGK,200,,,
33,5,DGK,210,,,
33,6,DGK,401,,,
33,7,SOFFK,701,,,
34,0,SOFFK,706,,,
34,1,SOFFK,708,,,
34,2,SOFFK,710,,,
34,3,SOFFK,717,,,
34,4,SOFFK,719,,,
34,5,SOFFK,721,,,
34,6,SOFFK,722,,,
34,7,SOFFK,724,,,
35,0,SOFFK,726,,,
35,1,SOFFK,728,,,
35,2,SOFFK,730,,,
35,3,SOFFK,732,,,
35,4,SOFFK,733,,,
35,5,SOFFK,734,,,
35,6,SOFFK,735,,,
35,7,SOFFK,736,,,
36,0,SOFFK,737,,,
36,1,SOFFK,738,,,
36,2,SOFFK,739,,,
36,3,SOFFK,740,,,
36,4,DGK,402,,,
36,5,,,,,
36,6,,,,,
36,7,,,,,
37,0,,,,,
37,1,,,,,
37,2,,,,,
37,3,,,,,
37,4,,,,,
37,5,,,,,
37,6,,,,,
37,7,,,,,
38,0,,,,,
38,1,,,,,
38,2,,,,,
38,3,,,,,
38,4,,,,,
38,5,,,,,
38,6,,,,,
38,7,,,,,
39,0,,,,,
39,1,,,,,
39,2,,,,,
39,3,,,,,
39,4,,,,,
39,5,,,,,
39,6,,,,,
39,7,,,,,
40,0,,,,,
40,1,,,,,
40,2,,,,,
40,3,,,,,
40,4,,,,,
40,5,,,,,
40,6,,,,,
40,7,,,,,
41,0,,,,,
41,1,,,,,
41,2,,,,,
41,3,,,,,
41,4,,,,,
41,5,,,,,
41,6,,,,,
41,7,,,,,
42,0,NK,1072,,,
42,1,RK,1072,,,
42,2,NK,1073,,,
42,3,RK,1073,,,
42,4,NK,1075,,,
42,5,RK,1075,,,
42,6,NK,1080,,,
42,7,RK,1080,,,
43,0,NK,1081,,,
43,1,RK,1081,,,
43,2,NK,1082,,,
43,3,RK,1082,,,
43,4,RK,1083,,,
43,5,NK,1083,,,
43,6,NK,1084,,,
43,7,RK,1084,,,
44,0,NK,1085,,,
44,1,RK,1085,,,
44,2,NK,1086,,,
44,3,RK,1086,,,
44,4,NK,1087,,,
44,5,RK,1087,,,
44,6,NK,1088,,,
44,7,RK,1088,,,
45,0,NK,1089,,,
45,1,RK,1089,,,
45,2,NK,1090,,,
45,3,RK,1090,,,
45,4,NK,1091,,,
45,5,RK,1091,,,
45,6,NK,1092,,,
45,7,RK,1092,,,
46,0,NK,1093,,,
46,1,RK,1093,,,
46,2,NK,1094,,,
46,3,RK,1094,,,
46,4,NK,1095,,,
46,5,RK,1095,,,
46,6,NK,1096,,,
46,7,RK,1096,,,
47,0,NK,1097,,,
47,1,RK,1097,,,
47,2,NK,1098,,,
47,3,RK,1098,,,
47,4,NK,1099,,,
47,5,RK,1099,,,
47,6,NK,1100,,,
47,7,RK,1100,,,
48,0,NK,1104,,,
48,1,RK,1104,,,
48,2,NK,1105,,,
48,3,RK,1105,,,
48,4,NK,1106,,,
48,5,RK,1106,,,
48,6,NK,1511,,,
48,7,RK,1511,,,
49,0,NK,1565,,,
49,1,RK,1565,,,
49,2,,,,,
49,3,,,,,
49,4,,,,,
49,5,,,,,
49,6,,,,,
49,7,,,,,
50,0,T,31,,,
50,1,T,32,,,
50,2,T,33,,,
50,3,T,131,,,
50,4,T,231,,,
50,5,T,232,,,
50,6,T,233,,,
50,7,T,234,,,
51,0,T,331,,,
51,1,T,421,,,
51,2,T,531,,,
51,3,T,532,,,
51,4,T,731,,,
51,5,T,831,,,
51,6,T,5533,,,
51,7,T,5534,,,
52,0,T,5535,,,
52,1,T,5576,,,
52,2,T,5577,,,
52,3,T,5578,,,
52,4,T,5579,,,
52,5,T,5586,,,
52,6,T,5587,,,
52,7,T,5591,,,
53,0,T,5592,,,
53,1,T,5593,,,
53,2,T,5594,,,
53,3,T,5595,,,
53,4,T,5601,,,
53,5,T,5602,,,
53,6,T,5611,,,
53,7,T,5613,,,
54,0,T,5614,,,
54,1,T,5615,,,
54,2,T,5616,,,
54,3,T,5617,,,
54,4,T,5621,,,
54,5,T,5622,,,
54,6,T,5623,,,
54,7,T,5624,,,
55,0,T,5625,,,
55,1,T,5626,,,
55,2,T,5627,,,
55,3,T,5628,,,
55,4,T,5631,,,
55,5,T,5632,,,
55,6,T,5633,,,
55,7,T,5641,,,
56,0,T,5642,,,
56,1,T,5643,,,
56,2,T,5644,,,
56,3,T,5651,,,
56,4,T,5661,,,
56,5,T,235,,,
56,6,,,,,
56,7,,,,,
57,0,B,171,,,
57,1,B,173,,,
57,2,B,180,,,
57,3,B,188,,,
57,4,B,190,,,
57,5,B,193,,,
57,6,B,195,,,
57,7,B,200,,,
58,0,B,210,,,
58,1,B,401,,,
58,2,B,402,,,
58,3,B,701,,,
58,4,B,706,,,
58,5,B,708,,,
58,6,B,710,,,
58,7,B,717,,,
59,0,B,719,,,
59,1,B,721,,,
59,2,B,722,,,
59,3,B,724,,,
59,4,B,726,,,
59,5,B,728,,,
59,6,B,730,,,
59,7,B,732,,,
60,0,B,733,,,
60,1,B,734,,,
60,2,B,735,,,
60,3,B,736,,,
60,4,B,737,,,
60,5,B,738,,,
60,6,B,739,,,
60,7,B,740,,,
61,0,DGK,103,,,
61,1,DGK,104,,,
61,2,DGK,109,,,
61,3,DGK,110,,,
61,4,DGK,113,,,
61,5,DGK,114,,,
61,6,SOFFK,114,,,
61,7,DGK,115,,,
62,0,DGK,116,,,
62,1,DGK,118,,,
62,2,DGK,119,,,
62,3,DGK,120,,,
62,4,SOFFK,551,,,
62,5,SOFFK,552,,,
62,6,SOFFK,553,,,
62,7,SOFFK,554,,,
63,0,,,,,
63,1,SOFFK,556,,,
63,2,,,,,
63,3,,,,,
63,4,,,,,
63,5,,,,,
63,6,,,,,
63,7,,,,,
64,0,,,,,
64,1,,,,,
64,2,,,,,
64,3,,,,,
64,4,,,,,
64,5,,,,,
64,6,,,,,
64,7,,,,,
65,0,,,,,
65,1,,,,,
65,2,,,,,
65,3,,,,,
65,4,,,,,
65,5,,,,,
65,6,,,,,
65,7,,,,,
66,0,NK,1037,,,
66,1,RK,1037,,,
66,2,NK,1038,,,
66,3,RK,1038,,,
66,4,NK,1039,,,
66,5,RK,1039,,,
66,6,,,,,
66,7,,,,,
67,0,T,4553,,,
67,1,T,4563,,,
67,2,T,4564,,,
67,3,T,4651,,,
67,4,T,4661,,,
67,5,T,4662,,,
67,6,T,4751,,,
67,7,T,4761,,,
68,0,T,4851,,,
68,1,T,4861,,,
68,2,,,,,
68,3,,,,,
68,4,T,4952,,,
68,5,T,4953,,,
68,6,T,4953,,,
68,7,T,4955,,,
69,0,T,4961,,,
69,1,T,4962,,,
69,2,T,4963,,,
69,3,T,4964,,,
69,4,T,5041,,,
69,5,T,5051,,,
69,6,T,5052,,,
69,7,T,5053,,,
70,0,T,5054,,,
70,1,T,5055,,,
70,2,T,5060,,,
70,3,T,5061,,,
70,4,T,5062,,,
70,5,T,5063,,,
70,6,T,5064,,,
70,7,T,5065,,,
71,0,T,5151,,,
71,1,T,5161,,,
71,2,T,5162,,,
71,3,T,5251,,,
71,4,T,5252,,,
71,5,T,5253,,,
71,6,T,5261,,,
71,7,T,5262,,,
72,0,T,5362,,,
72,1,T,5451,,,
72,2,T,5461,,,
72,3,,,,,
72,4,,,,,
72,5,,,,,
72,6,,,,,
72,7,,,,,
73,0,B,113,,,
73,1,B,114,,,
73,2,B,551,,,
73,3,B,552,,,
73,4,B,553,,,
73,5,B,554,,,
73,6,B,556,,,
73,7,,,,,
74,0,DGK,211,SOFFK,74,1
74,1,SOFFK,211,DGK,74,0
74,2,,,,,
74,3,DGK,212,,,
74,4,DGK,214,,,
74,5,,,,,
74,6,DGK,220,,,
74,7,,,,,
75,0,DGK,223,SOFFK,75,1
75,1,SOFFK,223,DGK,75,0
75,2,,,,,
75,3,DGK,255,,,
75,4,DGK,228,SOFFK,75,5
75,5,SOFFK,228,DGK,75,4
75,6,DGK,231,,,
76,1,,,,,
76,2,SOFFK,751,,,
76,3,SOFFK,752,,,
76,4,SOFFK,754,,,
76,5,SOFFK,756,,,
76,6,SOFFK,758,,,
76,7,,,,,
77,0,,,,,
77,1,,,,,
77,2,,,,,
77,3,DGK,229,,,
77,4,,,,,
77,5,DGK,230,,,
77,6,,,,,
77,7,,,,,
78,0,,,,,
78,1,,,,,
78,2,DGK,237,,,
78,3,DGK,240,,,
78,4,,,,,
78,5,,,,,
78,6,,,,,
78,7,,,,,
79,0,,,,,
79,1,,,,,
79,2,,,,,
79,3,NK,1108,,,
79,4,RK,1108,,,
79,5,NK,1109,,,
79,6,RK,1109,,,
79,7,NK,1110,,,
80,0,RK,1110,,,
80,1,NK,1111,,,
80,2,RK,1111,,,
80,3,NK,1115,,,
80,4,RK,1115,,,
80,5,NK,1116,,,
80,6,RK,1116,,,
80,7,NK,1514,,,
81,0,RK,1514,,,
81,1,,,,,
81,2,,,,,
81,3,T,5630,,,
81,4,T,5702,,,
81,5,T,5703,,,
81,6,T,5711,,,
81,7,T,5712,,,
82,0,T,5713,,,
82,1,T,5714,,,
82,2,T,5715,,,
82,3,T,5721,,,
82,4,T,5722,,,
82,5,T,5723,,,
82,6,T,5725,,,
82,7,T,5724,,,
83,0,T,5801,,,
83,1,T,5811,,,
83,2,T,5812,,,
83,3,T,5813,,,
83,4,T,5822,,,
83,5,T,5823,,,
83,6,T,5824,,,
83,7,T,5911,,,
84,0,T,5912,,,
84,1,T,5921,,,
84,2,T,5922,,,
84,3,T,6011,,,
84,4,T,6012,,,
84,5,T,6013,,,
84,6,T,6021,,,
84,7,T,6022,,,
85,0,T,6023,,,
85,1,T,6111,,,
85,2,T,6112,,,
85,3,T,6113,,,
85,4,T,6114,,,
85,5,T,6122,,,
85,6,T,6121,,,
85,7,T,6123,,,
86,0,T,6211,,,
86,1,T,6212,,,
86,2,T,6221,,,
86,3,T,6222,,,
86,4,T,6311,,,
86,5,T,6321,,,
86,6,T,5629,,,
86,7,,,,,
87,0,,,,,
87,1,,,,,
87,2,B,211,,,
87,3,B,212,,,
87,4,B,214,,,
87,5,B,220,,,
87,6,B,223,,,
87,7,B,225,,,
88,0,B,228,,,
88,1,B,751,,,
88,2,B,752,,,
88,3,B,754,,,
88,4,B,556,,,
88,5,B,758,,,
88,6,,,,,
88,7,,,,,
89,0,DGK,73,,,
89,1,DGK,74,,,
89,2,DGK,75,,,
89,3,DGK,76,,,
89,4,DGK,77,,,
89,5,DGK,78,,,
89,6,DGK,83,,,
89,7,SOFFK,83,,,
90,0,DGK,84,,,
90,1,SOFFK,84,,,
90,2,DGK,85,,,
90,3,DGK,87,,,
90,4,DGK,90,,,
90,5,SOFFK,527,,,
90,6,SOFFK,528,,,
90,7,SOFFK,531,,,
91,0,SOFFK,533,,,
91,1,SOFFK,536,,,
91,2,SOFFK,540,,,
91,3,,,,,
91,4,,,,,
91,5,,,,,
91,6,,,,,
91,7,,,,,
92,0,,,,,
92,1,,,,,
92,2,,,,,
92,3,,,,,
92,4,,,,,
92,5,,,,,
92,6,,,,,
92,7,,,,,
93,0,,,,,
93,1,,,,,
93,2,,,,,
93,3,,,,,
93,4,,,,,
93,5,,,,,
93,6,,,,,
93,7,,,,,
94,0,NK,1022,,,
94,1,RK,1022,,,
94,2,NK,1024,,,
94,3,RK,1024,,,
94,4,NK,1025,,,
94,5,RK,1025,,,
94,6,NK,1026,,,
94,7,RK,1026,,,
95,0,NK,1027,,,
95,1,RK,1027,,,
95,2,NK,1028,,,
95,3,RK,1028,,,
95,4,,,,,
95,5,,,,,
95,6,,,,,
95,7,,,,,
96,0,T,4611,,,
96,1,T,4612,,,
96,2,T,4613,,,
96,3,T,4621,,,
96,4,T,4622,,,
96,5,T,4701,,,
96,6,T,4711,,,
96,7,T,4712,,,
97,0,T,4713,,,
97,1,T,4721,,,
97,2,T,4722,,,
97,3,T,4723,,,
97,4,T,4724,,,
97,5,T,4811,,,
97,6,T,4712,,,
97,7,T,4613,,,
98,0,T,4821,,,
98,1,T,4901,,,
98,2,T,4911,,,
98,3,T,4912,,,
98,4,T,4913,,,
98,5,T,4914,,,
98,6,T,4915,,,
98,7,T,4921,,,
99,0,T,4922,,,
99,1,T,4923,,,
99,2,T,4931,,,
99,3,,,,,
99,4,,,,,
99,5,,,,,
99,6,,,,,
99,7,,,,,
100,0,B,77,,,
100,1,B,83,,,
100,2,B,84,,,
100,3,B,85,,,
100,4,B,87,,,
100,5,B,90,,,
100,6,B,527,,,
100,7,B,528,,,
101,0,B,531,,,
101,1,B,553,,,
101,2,B,536,,,
101,3,B,540,,,
101,4,,,,,
101,5,,,,,
101,6,,,,,
101,7,,,,,
102,0,OFFK,34,,,
102,1,OFFK,33,,,
102,2,OFFK,31,,,
102,3,OFFK,28,,,
102,4,OFFK,27,,,
102,5,OFFK,22,,,
102,6,OFFK,21,,,
102,7,OFFK,19,,,
103,0,OFFK,45,,,
103,1,OFFK,44,,,
103,2,OFFK,43,,,
103,3,OFFK,42,,,
103,4,OFFK,40,,,
103,5,OFFK,39,,,
103,6,OFFK,38,,,
103,7,OFFK,37,,,
104,0,OFFK,61,,,
104,1,OFFK,59,,,
104,2,OFFK,56,,,
104,3,OFFK,55,,,
104,4,OFFK,54,,,
104,5,OFFK,53,,,
104,6,OFFK,50,,,
104,7,OFFK,47,,,
105,0,SOFFK,521,,,
105,1,SOFFK,519,,,
105,2,SOFFK,515,,,
105,3,OFFK,72,,,
105,4,OFFK,67,,,
105,5,OFFK,66,,,
105,6,OFFK,64,,,
105,7,OFFK,62,,,
106,0,,,,,
106,1,,,,,
106,2,,,,,
106,3,SOFFK,600,,,
106,4,OFFK,51,,,
106,5,OFFK,73,,,
106,6,OFFK,525,,,
106,7,OFFK,524,,,
107,0,RM,62,,,
107,1,RM,61,,,
107,2,RM,50,,,
107,3,RM,47,,,
107,4,RM,45,,,
107,5,RM,44,,,
107,6,RM,43B,,,
107,7,RM,43A,,,
108,0,RS,515AP,,,
108,1,RS,515ANP,,,
108,2,RM,72,,,
108,3,RM,67,,,
108,4,RM,66B,,,
108,5,RC,66A,,,
108,6,RM,66A,,,
108,7,RM,64,,,
109,0,RS,524AP,,,
109,1,RS,524ANP,,,
109,2,RS,521B,,,
109,3,RS,521A,,,
109,4,RS,519B,,,
109,5,RS,518A,,,
109,6,RS,515BP,,,
109,7,RS,515BNP,,,
110,0,,,,,
110,1,,,,,
110,2,,,,,
110,3,,,,,
110,4,,,,,
110,5,,,,,
110,6,,,,,
110,7,RS,524B,,,
111,0,T,3712,,,
111,1,T,3711,,,
111,2,T,3611,,,
111,3,T,3514,,,
111,4,T,3513,,,
111,5,T,3512,,,
111,6,T,3511,,,
111,7,T,3415,,,
112,0,T,4113,,,
112,1,T,4112,,,
112,2,T,4111,,,
112,3,T,4012,,,
112,4,T,4011,,,
112,5,T,3912,,,
112,6,T,3911,,,
112,7,T,3811,,,
113,0,T,43141,,,
113,1,T,4313,,,
113,2,T,4312,,,
113,3,T,4311,,,
113,4,T,4212,,,
113,5,T,4211,,,
113,6,T,4115,,,
113,7,T,4114,,,
114,0,T,GC4515,,,
114,1,T,4514,,,
114,2,T,4513,,,
114,3,T,4512,,,
114,4,T,4511,,,
114,5,T,4412,,,
114,6,T,4411,,,
114,7,T,43142,,,
115,0,T,4523,,,
115,1,T,4524,,,
115,2,T,45251,,,
115,3,T,45252,,,
115,4,T,4526,,,
115,5,T,4527,,,
115,6,T,GC4528,,,
115,7,T,GC4621,,,
116,0,T,4223,,,
116,1,T,4321,,,
116,2,T,4322,,,
116,3,T,4323,,,
116,4,T,4421,,,
116,5,T,4422,,,
116,6,T,4521,,,
116,7,T,4522,,,
117,0,T,4121,,,
117,1,T,4122,,,
117,2,T,4123,,,
117,3,T,4124,,,
117,4,T,4125,,,
117,5,T,4126,,,
117,6,T,4221,,,
117,7,T,4222,,,
118,0,T,3721,,,
118,1,T,3722,,,
118,2,T,3723,,,
118,3,T,3821,,,
118,4,T,3921,,,
118,5,T,3922,,,
118,6,T,4021,,,
118,7,T,4022,,,
119,0,T,4531,,,
119,1,T,3521,,,
119,2,T,3522,,,
119,3,T,3523,,,
119,4,T,3524,,,
119,5,T,3525,,,
119,6,T,3621,,,
119,7,T,3522,,,
120,0,T,SDGFES,,,
120,1,T,SDEWEY,,,
120,2,T,SDEHEK,,,
120,3,T,SDEGGD,,,
120,4,T,SDEBEF,,,
120,5,T,SD3414,,,
120,6,T,4525,,,
120,7,T,4314,,,
121,0,T,4122IP,,,
121,1,T,SDZEP,,,
121,2,T,SDBGZB,,,
121,3,T,SDAGE,,,
121,4,T,SDEXEV,,,
121,5,T,SDYEV,,,
121,6,T,SDYET,,,
121,7,T,SDYEL,,,
122,0,,,,,
122,1,,,,,
122,2,,,,,
122,3,,,,,
122,4,,,,,
122,5,,,,,
122,6,,,,,
122,7,T,WH4622,,,
123,0,,,,,
123,1,,,,,
123,2,,,,,
123,3,,,,,
123,4,,,,,
123,5,,,,,
123,6,,,,,
123,7,,,,,
124,0,,,,,
124,1,,,,,
124,2,,,,,
124,3,,,,,
124,4,,,,,
124,5,,,,,
124,6,,,,,
124,7,,,,,
125,0,,,,,
125,1,,,,,
125,2,,,,,
125,3,,,,,
125,4,,,,,
125,5,,,,,
125,6,,,,,
125,7,,,,,
126,0,,,,,
126,1,,,,,
126,2,,,,,
126,3,,,,,
126,4,,,,,
126,5,,,,,
126,6,,,,,
126,7,,,,,
127,0,,,,,
127,1,,,,,
127,2,,,,,
127,3,,,,,
127,4,,,,,
127,5,,,,,
127,6,,,,,
127,7,,,,,
128,0,,,,,
128,1,,,,,
128,2,,,,,
128,3,,,,,
128,4,,,,,
128,5,,,,,
128,6,,,,,
128,7,,,,,
129,0,,,,,
129,1,,,,,
129,2,,,,,
129,3,,,,,
129,4,,,,,
129,5,,,,,
129,6,,,,,
129,7,,,,,
130,0,,,,,
130,1,,,,,
130,2,,,,,
130,3,,,,,
130,4,,,,,
130,5,,,,,
130,6,,,,,
130,7,,,,,
131,0,,,,,
131,1,,,,,
131,2,,,,,
131,3,,,,,
131,4,,,,,
131,5,,,,,
131,6,,,,,
131,7,,,,,
132,0,,,,,
132,1,,,,,
132,2,,,,,
132,3,,,,,
132,4,,,,,
132,5,,,,,
132,6,,,,,
132,7,,,,,
133,0,,,,,
133,1,,,,,
133,2,,,,,
133,3,,,,,
133,4,,,,,
133,5,,,,,
133,6,,,,,
133,7,,,,,
134,0,,,,,
134,1,,,,,
134,2,,,,,
134,3,,,,,
134,4,,,,,
134,5,,,,,
134,6,,,,,
134,7,,,,,
135,0,,,,,
135,1,,,,,
135,2,,,,,
135,3,,,,,
135,4,,,,,
135,5,,,,,
135,6,,,,,
135,7,,,,,
136,0,,,,,
136,1,,,,,
136,2,,,,,
136,3,,,,,
136,4,,,,,
136,5,,,,,
136,6,,,,,
136,7,,,,,
137,0,,,,,
137,1,,,,,
137,2,,,,,
137,3,,,,,
137,4,,,,,
137,5,,,,,
137,6,,,,,
137,7,,,,,
138,0,,,,,
138,1,,,,,
138,2,,,,,
138,3,,,,,
138,4,,,,,
138,5,,,,,
138,6,,,,,
138,7,,,,,
139,0,,,,,
139,1,,,,,
139,2,,,,,
139,3,,,,,
139,4,,,,,
139,5,,,,,
139,6,,,,,
139,7,,,,,
140,0,,,,,
140,1,,,,,
140,2,,,,,
140,3,,,,,
140,4,,,,,
140,5,,,,,
140,6,,,,,
140,7,,,,,
141,0,,,,,
141,1,,,,,
141,2,,,,,
141,3,,,,,
141,4,,,,,
141,5,,,,,
141,6,,,,,
141,7,,,,,
142,0,,,,,
142,1,,,,,
142,2,,,,,
142,3,,,,,
142,4,,,,,
142,5,,,,,
142,6,,,,,
142,7,,,,,
143,0,,,,,
143,1,,,,,
143,2,,,,,
143,3,,,,,
143,4,,,,,
143,5,,,,,
143,6,,,,,
143,7,,,,,
144,0,,,,,
144,1,,,,,
144,2,,,,,
144,3,,,,,
144,4,,,,,
144,5,,,,,
144,6,,,,,
144,7,,,,,
145,0,,,,,
145,1,,,,,
145,2,,,,,
145,3,,,,,
145,4,,,,,
145,5,,,,,
145,6,,,,,
145,7,,,,,
146,0,,,,,
146,1,,,,,
146,2,,,,,
146,3,,,,,
146,4,,,,,
146,5,,,,,
146,6,,,,,
146,7,,,,,
147,0,,,,,
147,1,,,,,
147,2,,,,,
147,3,,,,,
147,4,,,,,
147,5,,,,,
147,6,,,,,
147,7,,,,,
148,0,,,,,
148,1,,,,,
148,2,,,,,
148,3,,,,,
148,4,,,,,
148,5,,,,,
148,6,,,,,
148,7,,,,,
149,0,,,,,
149,1,,,,,
149,2,,,,,
149,3,,,,,
149,4,,,,,
149,5,,,,,
149,6,,,,,
149,7,,,,,
150,0,,,,,
150,1,,,,,
150,2,,,,,
150,3,,,,,
150,4,,,,,
150,5,,,,,
150,6,,,,,
150,7,,,,,
151,0,,,,,
151,1,,,,,
151,2,,,,,
151,3,,,,,
151,4,,,,,
151,5,,,,,
151,6,,,,,
151,7,,,,,
152,0,,,,,
152,1,,,,,
152,2,,,,,
152,3,,,,,
152,4,,,,,
152,5,,,,,
152,6,,,,,
152,7,,,,,
153,0,,,,,
153,1,,,,,
153,2,,,,,
153,3,,,,,
153,4,,,,,
153,5,,,,,
153,6,,,,,
153,7,,,,,
154,0,,,,,
154,1,,,,,
154,2,,,,,
154,3,,,,,
154,4,,,,,
154,5,,,,,
154,6,,,,,
154,7,,,,,
155,0,,,,,
155,1,,,,,
155,2,,,,,
155,3,,,,,
155,4,,,,,
155,5,,,,,
155,6,,,,,
155,7,,,,,
156,0,,,,,
156,1,,,,,
156,2,,,,,
156,3,,,,,
156,4,,,,,
156,5,,,,,
156,6,,,,,
156,7,,,,,
157,0,,,,,
157,1,,,,,
157,2,,,,,
157,3,,,,,
157,4,,,,,
157,5,,,,,
157,6,,,,,
157,7,,,,,
158,0,,,,,
158,1,,,,,
158,2,,,,,
158,3,,,,,
158,4,,,,,
158,5,,,,,
158,6,,,,,
158,7,,,,,
159,0,,,,,
159,1,,,,,
159,2,,,,,
159,3,,,,,
159,4,,,,,
159,5,,,,,
159,6,,,,,
159,7,,,,,
160,0,,,,,
160,1,,,,,
160,2,,,,,
160,3,,,,,
160,4,,,,,
160,5,,,,,
160,6,,,,,
160,7,,,,,
161,0,,,,,
161,1,,,,,
161,2,,,,,
161,3,,,,,
161,4,,,,,
161,5,,,,,
161,6,,,,,
161,7,,,,,
162,0,,,,,
162,1,,,,,
162,2,,,,,
162,3,,,,,
162,4,,,,,
162,5,,,,,
162,6,,,,,
162,7,,,,,
163,0,,,,,
163,1,,,,,
163,2,,,,,
163,3,,,,,
163,4,,,,,
163,5,,,,,
163,6,,,,,
163,7,,,,,
164,0,,,,,
164,1,,,,,
164,2,,,,,
164,3,,,,,
164,4,,,,,
164,5,,,,,
164,6,,,,,
164,7,,,,,
165,0,,,,,
165,1,,,,,
165,2,,,,,
165,3,,,,,
165,4,,,,,
165,5,,,,,
165,6,,,,,
165,7,,,,,
166,0,,,,,
166,1,,,,,
166,2,,,,,
166,3,,,,,
166,4,,,,,
166,5,,,,,
166,6,,,,,
166,7,,,,,
167,0,,,,,
167,1,,,,,
167,2,,,,,
167,3,,,,,
167,4,,,,,
167,5,,,,,
167,6,,,,,
167,7,,,,,
168,0,,,,,
168,1,,,,,
168,2,,,,,
168,3,,,,,
168,4,,,,,
168,5,,,,,
168,6,,,,,
168,7,,,,,
169,0,,,,,
169,1,,,,,
169,2,,,,,
169,3,,,,,
169,4,,,,,
169,5,,,,,
169,6,,,,,
169,7,,,,,
170,0,,,,,
170,1,,,,,
170,2,,,,,
170,3,,,,,
170,4,,,,,
170,5,,,,,
170,6,,,,,
170,7,,,,,
171,0,,,,,
171,1,,,,,
171,2,,,,,
171,3,,,,,
171,4,,,,,
171,5,,,,,
171,6,,,,,
171,7,,,,,
172,0,,,,,
172,1,,,,,
172,2,,,,,
172,3,,,,,
172,4,,,,,
172,5,,,,,
172,6,,,,,
172,7,,,,,
173,0,,,,,
173,1,,,,,
173,2,,,,,
173,3,,,,,
173,4,,,,,
173,5,,,,,
173,6,,,,,
173,7,,,,,
174,0,,,,,
174,1,,,,,
174,2,,,,,
174,3,,,,,
174,4,,,,,
174,5,,,,,
174,6,,,,,
174,7,,,,,
175,0,,,,,
175,1,,,,,
175,2,,,,,
175,3,,,,,
175,4,,,,,
175,5,,,,,
175,6,,,,,
175,7,,,,,
176,0,,,,,
176,1,,,,,
176,2,,,,,
176,3,,,,,
176,4,,,,,
176,5,,,,,
176,6,,,,,
176,7,,,,,
177,0,,,,,
177,1,,,,,
177,2,,,,,
177,3,,,,,
177,4,,,,,
177,5,,,,,
177,6,,,,,
177,7,,,,,
178,0,,,,,
178,1,,,,,
178,2,,,,,
178,3,,,,,
178,4,,,,,
178,5,,,,,
178,6,,,,,
178,7,,,,,
179,0,,,,,
179,1,,,,,
179,2,,,,,
179,3,,,,,
179,4,,,,,
179,5,,,,,
179,6,,,,,
179,7,,,,,
180,0,,,,,
180,1,,,,,
180,2,,,,,
180,3,,,,,
180,4,,,,,
180,5,,,,,
180,6,,,,,
180,7,,,,,
181,0,,,,,
181,1,,,,,
181,2,,,,,
181,3,,,,,
181,4,,,,,
181,5,,,,,
181,6,,,,,
181,7,,,,,
182,0,,,,,
182,1,,,,,
182,2,,,,,
182,3,,,,,
182,4,,,,,
182,5,,,,,
182,6,,,,,
182,7,,,,,
183,0,,,,,
183,1,,,,,
183,2,,,,,
183,3,,,,,
183,4,,,,,
183,5,,,,,
183,6,,,,,
183,7,,,,,
184,0,,,,,
184,1,,,,,
184,2,,,,,
184,3,,,,,
184,4,,,,,
184,5,,,,,
184,6,,,,,
184,7,,,,,
185,0,,,,,
185,1,,,,,
185,2,,,,,
185,3,,,,,
185,4,,,,,
185,5,,,,,
185,6,,,,,
185,7,,,,,
186,0,,,,,
186,1,,,,,
186,2,,,,,
186,3,,,,,
186,4,,,,,
186,5,,,,,
186,6,,,,,
186,7,,,,,
187,0,,,,,
187,1,,,,,
187,2,,,,,
187,3,,,,,
187,4,,,,,
187,5,,,,,
187,6,,,,,
187,7,,,,,
188,0,,,,,
188,1,,,,,
188,2,,,,,
188,3,,,,,
188,4,,,,,
188,5,,,,,
188,6,,,,,
188,7,,,,,
189,0,,,,,
189,1,,,,,
189,2,,,,,
189,3,,,,,
189,4,,,,,
189,5,,,,,
189,6,,,,,
189,7,,,,,
190,0,,,,,
190,1,,,,,
190,2,,,,,
190,3,,,,,
190,4,,,,,
190,5,,,,,
190,6,,,,,
190,7,,,,,
191,0,,,,,
191,1,,,,,
191,2,,,,,
191,3,,,,,
191,4,,,,,
191,5,,,,,
191,6,,,,,
191,7,,,,,
192,0,,,,,
192,1,,,,,
192,2,,,,,
192,3,,,,,
192,4,,,,,
192,5,,,,,
192,6,,,,,
192,7,,,,,
193,0,,,,,
193,1,,,,,
193,2,,,,,
193,3,,,,,
193,4,,,,,
193,5,,,,,
193,6,,,,,
193,7,,,,,
194,0,,,,,
194,1,,,,,
194,2,,,,,
194,3,,,,,
194,4,,,,,
194,5,,,,,
194,6,,,,,
194,7,,,,,
195,0,,,,,
195,1,,,,,
195,2,,,,,
195,3,,,,,
195,4,,,,,
195,5,,,,,
195,6,,,,,
195,7,,,,,
196,0,,,,,
196,1,,,,,
196,2,,,,,
196,3,,,,,
196,4,,,,,
196,5,,,,,
196,6,,,,,
196,7,,,,,
197,0,,,,,
197,1,,,,,
197,2,,,,,
197,3,,,,,
197,4,,,,,
197,5,,,,,
197,6,,,,,
197,7,,,,,
198,0,,,,,
198,1,,,,,
198,2,,,,,
198,3,,,,,
198,4,,,,,
198,5,,,,,
198,6,,,,,
198,7,,,,,
199,0,,,,,
199,1,,,,,
199,2,,,,,
199,3,,,,,
199,4,,,,,
199,5,,,,,
199,6,,,,,
199,7,,,,,
200,0,,,,,
200,1,,,,,
200,2,,,,,
200,3,,,,,
200,4,,,,,
200,5,,,,,
200,6,,,,,
200,7,,,,,
